"Data Source","World Development Indicators",

"Last Updated Date","2017-02-01",

"Country Name","Country Code","Indicator Name","Indicator Code","1960","1961","1962","1963","1964","1965","1966","1967","1968","1969","1970","1971","1972","1973","1974","1975","1976","1977","1978","1979","1980","1981","1982","1983","1984","1985","1986","1987","1988","1989","1990","1991","1992","1993","1994","1995","1996","1997","1998","1999","2000","2001","2002","2003","2004","2005","2006","2007","2008","2009","2010","2011","2012","2013","2014","2015","2016",
"Aruba","ABW","Incidence of tuberculosis (per 100,000 people)","SH.TBS.INCD","","","","","","","","","","","","","","","","","","","","","","","","","","","","","","","","","","","","","","","","","12","12","12","12","12","12","12","12","12","12","6.8","9","31","12","2.2","12","",
"Andorra","AND","Incidence of tuberculosis (per 100,000 people)","SH.TBS.INCD","","","","","","","","","","","","","","","","","","","","","","","","","","","","","","","","","","","","","","","","","21","17","8.1","17","10","14","17","6.8","5.4","11","9.5","4.2","13","7.6","9.5","6.5","",
"Afghanistan","AFG","Incidence of tuberculosis (per 100,000 people)","SH.TBS.INCD","","","","","","","","","","","","","","","","","","","","","","","","","","","","","","","","","","","","","","","","","190","189","189","189","189","189","189","189","189","189","189","189","189","189","189","189","",
"Angola","AGO","Incidence of tuberculosis (per 100,000 people)","SH.TBS.INCD","","","","","","","","","","","","","","","","","","","","","","","","","","","","","","","","","","","","","","","","","297","308","320","334","350","368","377","379","382","385","384","383","380","376","370","370","",
"Albania","ALB","Incidence of tuberculosis (per 100,000 people)","SH.TBS.INCD","","","","","","","","","","","","","","","","","","","","","","","","","","","","","","","","","","","","","","","","","23","21","23","21","21","20","18","17","17","17","17","17","16","18","19","19","",
"Arab World","ARB","Incidence of tuberculosis (per 100,000 people)","SH.TBS.INCD","","","","","","","","","","","","","","","","","","","","","","","","","","","","","","","","","","","","","","","","","","","","","","","","","","","","","","","","","",
"United Arab Emirates","ARE","Incidence of tuberculosis (per 100,000 people)","SH.TBS.INCD","","","","","","","","","","","","","","","","","","","","","","","","","","","","","","","","","","","","","","","","","12","12","6.2","4","3.4","2.9","2.6","2.9","3","2.7","2.4","2.2","1.9","1.7","1.6","1.6","",
"Argentina","ARG","Incidence of tuberculosis (per 100,000 people)","SH.TBS.INCD","","","","","","","","","","","","","","","","","","","","","","","","","","","","","","","","","","","","","","","","","37","35","35","33","34","31","28","29","26","22","20","27","24","24","25","25","",
"Armenia","ARM","Incidence of tuberculosis (per 100,000 people)","SH.TBS.INCD","","","","","","","","","","","","","","","","","","","","","","","","","","","","","","","","","","","","","","","","","61","66","70","74","76","77","77","75","71","67","63","58","53","49","45","41","",
"American Samoa","ASM","Incidence of tuberculosis (per 100,000 people)","SH.TBS.INCD","","","","","","","","","","","","","","","","","","","","","","","","","","","","","","","","","","","","","","","","","6","5.9","3.9","5.8","9.7","12","7.8","6","6","8.2","8.3","6.2","6.7","7.2","7.7","8.3","",
"Antigua and Barbuda","ATG","Incidence of tuberculosis (per 100,000 people)","SH.TBS.INCD","","","","","","","","","","","","","","","","","","","","","","","","","","","","","","","","","","","","","","","","","5.9","1.5","5.7","1.4","3.4","8.4","5.5","2.7","1.3","4","9.2","7.8","3.9","13","3.8","7.5","",
"Australia","AUS","Incidence of tuberculosis (per 100,000 people)","SH.TBS.INCD","","","","","","","","","","","","","","","","","","","","","","","","","","","","","","","","","","","","","","","","","6.3","5.8","6","5.5","6.2","5.9","6.5","6.1","6.5","6.8","6.5","6.3","6.6","6.2","6.5","6","",
"Austria","AUT","Incidence of tuberculosis (per 100,000 people)","SH.TBS.INCD","","","","","","","","","","","","","","","","","","","","","","","","","","","","","","","","","","","","","","","","","17","14","15","13","13","13","12","11","10","9.1","9.1","9.2","8.4","8.5","7.6","7.6","",
"Azerbaijan","AZE","Incidence of tuberculosis (per 100,000 people)","SH.TBS.INCD","","","","","","","","","","","","","","","","","","","","","","","","","","","","","","","","","","","","","","","","","681","630","564","489","412","341","279","229","187","154","128","109","95","85","77","69","",
"Burundi","BDI","Incidence of tuberculosis (per 100,000 people)","SH.TBS.INCD","","","","","","","","","","","","","","","","","","","","","","","","","","","","","","","","","","","","","","","","","290","270","250","230","211","195","181","169","160","152","144","138","133","128","126","122","",
"Belgium","BEL","Incidence of tuberculosis (per 100,000 people)","SH.TBS.INCD","","","","","","","","","","","","","","","","","","","","","","","","","","","","","","","","","","","","","","","","","14","15","13","12","12","12","11","10","10","9.7","11","10","9.4","9.3","9.1","9.4","",
"Benin","BEN","Incidence of tuberculosis (per 100,000 people)","SH.TBS.INCD","","","","","","","","","","","","","","","","","","","","","","","","","","","","","","","","","","","","","","","","","86","83","80","78","75","73","71","69","69","69","68","67","66","64","61","60","",
"Burkina Faso","BFA","Incidence of tuberculosis (per 100,000 people)","SH.TBS.INCD","","","","","","","","","","","","","","","","","","","","","","","","","","","","","","","","","","","","","","","","","70","69","67","66","65","64","63","62","61","60","58","57","55","54","54","52","",
"Bangladesh","BGD","Incidence of tuberculosis (per 100,000 people)","SH.TBS.INCD","","","","","","","","","","","","","","","","","","","","","","","","","","","","","","","","","","","","","","","","","225","225","225","225","225","225","225","225","225","225","225","225","225","224","227","225","",
"Bulgaria","BGR","Incidence of tuberculosis (per 100,000 people)","SH.TBS.INCD","","","","","","","","","","","","","","","","","","","","","","","","","","","","","","","","","","","","","","","","","58","57","56","56","55","54","51","48","45","41","38","34","32","29","27","24","",
"Bahrain","BHR","Incidence of tuberculosis (per 100,000 people)","SH.TBS.INCD","","","","","","","","","","","","","","","","","","","","","","","","","","","","","","","","","","","","","","","","","36","31","30","39","35","37","34","33","31","31","22","20","19","18","18","18","",
"Bahamas, The","BHS","Incidence of tuberculosis (per 100,000 people)","SH.TBS.INCD","","","","","","","","","","","","","","","","","","","","","","","","","","","","","","","","","","","","","","","","","32","23","16","14","19","17","21","15","16","15","9.9","13","9.9","10","15","18","",
"Bosnia and Herzegovina","BIH","Incidence of tuberculosis (per 100,000 people)","SH.TBS.INCD","","","","","","","","","","","","","","","","","","","","","","","","","","","","","","","","","","","","","","","","","96","90","85","81","78","75","72","69","66","63","59","55","51","47","42","37","",
"Belarus","BLR","Incidence of tuberculosis (per 100,000 people)","SH.TBS.INCD","","","","","","","","","","","","","","","","","","","","","","","","","","","","","","","","","","","","","","","","","83","82","79","76","73","74","73","73","72","70","69","67","64","61","58","55","",
"Belize","BLZ","Incidence of tuberculosis (per 100,000 people)","SH.TBS.INCD","","","","","","","","","","","","","","","","","","","","","","","","","","","","","","","","","","","","","","","","","49","61","59","42","35","41","34","24","33","32","52","26","29","40","24","25","",
"Bermuda","BMU","Incidence of tuberculosis (per 100,000 people)","SH.TBS.INCD","","","","","","","","","","","","","","","","","","","","","","","","","","","","","","","","","","","","","","","","","0","0","0","5.3","11","8","5.3","4.4","3.6","2.7","1.8","1.8","5.5","0","0","0","",
"Bolivia","BOL","Incidence of tuberculosis (per 100,000 people)","SH.TBS.INCD","","","","","","","","","","","","","","","","","","","","","","","","","","","","","","","","","","","","","","","","","184","179","173","168","163","158","153","148","144","139","135","131","127","123","120","117","",
"Brazil","BRA","Incidence of tuberculosis (per 100,000 people)","SH.TBS.INCD","","","","","","","","","","","","","","","","","","","","","","","","","","","","","","","","","","","","","","","","","51","48","52","53","54","49","47","45","43","46","43","45","43","43","41","41","",
"Barbados","BRB","Incidence of tuberculosis (per 100,000 people)","SH.TBS.INCD","","","","","","","","","","","","","","","","","","","","","","","","","","","","","","","","","","","","","","","","","1.3","2.5","2.1","5.1","8","5","2.1","6.7","1.2","0.83","2.5","0","1.6","1.6","2","0","",
"Brunei Darussalam","BRN","Incidence of tuberculosis (per 100,000 people)","SH.TBS.INCD","","","","","","","","","","","","","","","","","","","","","","","","","","","","","","","","","","","","","","","","","107","74","77","69","60","52","63","64","67","63","69","66","69","59","55","58","",
"Bhutan","BTN","Incidence of tuberculosis (per 100,000 people)","SH.TBS.INCD","","","","","","","","","","","","","","","","","","","","","","","","","","","","","","","","","","","","","","","","","253","223","227","208","195","193","172","183","173","199","228","211","190","179","174","155","",
"Botswana","BWA","Incidence of tuberculosis (per 100,000 people)","SH.TBS.INCD","","","","","","","","","","","","","","","","","","","","","","","","","","","","","","","","","","","","","","","","","914","888","855","816","773","728","684","641","598","557","518","480","445","414","385","356","",
"Central African Republic","CAF","Incidence of tuberculosis (per 100,000 people)","SH.TBS.INCD","","","","","","","","","","","","","","","","","","","","","","","","","","","","","","","","","","","","","","","","","1073","1001","923","842","762","687","620","561","511","467","431","402","378","359","375","391","",
"Canada","CAN","Incidence of tuberculosis (per 100,000 people)","SH.TBS.INCD","","","","","","","","","","","","","","","","","","","","","","","","","","","","","","","","","","","","","","","","","6.5","6.6","6.1","5.9","5.6","5.5","5.4","5.3","5.4","5.3","4.6","4.8","5.5","5.3","5.1","5.1","",
"Central Europe and the Baltics","CEB","Incidence of tuberculosis (per 100,000 people)","SH.TBS.INCD","","","","","","","","","","","","","","","","","","","","","","","","","","","","","","","","","","","","","","","","","","","","","","","","","","","","","","","","","",
"Switzerland","CHE","Incidence of tuberculosis (per 100,000 people)","SH.TBS.INCD","","","","","","","","","","","","","","","","","","","","","","","","","","","","","","","","","","","","","","","","","9.3","8.8","9.4","9","8.6","8","7.3","6.4","7","7.5","7.5","7.6","6","6.6","5.9","7.4","",
"Channel Islands","CHI","Incidence of tuberculosis (per 100,000 people)","SH.TBS.INCD","","","","","","","","","","","","","","","","","","","","","","","","","","","","","","","","","","","","","","","","","","","","","","","","","","","","","","","","","",
"Chile","CHL","Incidence of tuberculosis (per 100,000 people)","SH.TBS.INCD","","","","","","","","","","","","","","","","","","","","","","","","","","","","","","","","","","","","","","","","","23","23","18","16","19","18","18","17","17","16","16","16","16","16","15","16","",
"China","CHN","Incidence of tuberculosis (per 100,000 people)","SH.TBS.INCD","","","","","","","","","","","","","","","","","","","","","","","","","","","","","","","","","","","","","","","","","109","105","102","98","95","92","89","86","85","83","78","77","76","72","69","67","",
"Cote d'Ivoire","CIV","Incidence of tuberculosis (per 100,000 people)","SH.TBS.INCD","","","","","","","","","","","","","","","","","","","","","","","","","","","","","","","","","","","","","","","","","367","350","330","309","288","267","249","233","219","207","196","186","178","170","165","159","",
"Cameroon","CMR","Incidence of tuberculosis (per 100,000 people)","SH.TBS.INCD","","","","","","","","","","","","","","","","","","","","","","","","","","","","","","","","","","","","","","","","","309","317","321","321","318","311","303","292","282","271","260","251","242","235","220","212","",
"Congo, Rep.","COG","Incidence of tuberculosis (per 100,000 people)","SH.TBS.INCD","","","","","","","","","","","","","","","","","","","","","","","","","","","","","","","","","","","","","","","","","356","379","398","413","423","426","422","413","403","393","386","383","382","382","381","379","",
"Colombia","COL","Incidence of tuberculosis (per 100,000 people)","SH.TBS.INCD","","","","","","","","","","","","","","","","","","","","","","","","","","","","","","","","","","","","","","","","","36","35","34","35","33","30","32","31","32","31","31","32","32","31","30","31","",
"Comoros","COM","Incidence of tuberculosis (per 100,000 people)","SH.TBS.INCD","","","","","","","","","","","","","","","","","","","","","","","","","","","","","","","","","","","","","","","","","39","38","37","37","36","36","36","35","34","33","33","34","34","34","35","35","",
"Cabo Verde","CPV","Incidence of tuberculosis (per 100,000 people)","SH.TBS.INCD","","","","","","","","","","","","","","","","","","","","","","","","","","","","","","","","","","","","","","","","","160","159","157","156","155","153","152","151","149","148","147","145","144","143","138","139","",
"Costa Rica","CRI","Incidence of tuberculosis (per 100,000 people)","SH.TBS.INCD","","","","","","","","","","","","","","","","","","","","","","","","","","","","","","","","","","","","","","","","","19","20","17","17","21","16","14","16","14","12","14","14","13","11","12","11","",
"Caribbean small states","CSS","Incidence of tuberculosis (per 100,000 people)","SH.TBS.INCD","","","","","","","","","","","","","","","","","","","","","","","","","","","","","","","","","","","","","","","","","","","","","","","","","","","","","","","","","",
"Cuba","CUB","Incidence of tuberculosis (per 100,000 people)","SH.TBS.INCD","","","","","","","","","","","","","","","","","","","","","","","","","","","","","","","","","","","","","","","","","12","9.5","9.2","8.6","8","7.9","7.8","7.8","8.3","7.2","8.4","8.2","7.4","7.7","7.4","7","",
"Curacao","CUW","Incidence of tuberculosis (per 100,000 people)","SH.TBS.INCD","","","","","","","","","","","","","","","","","","","","","","","","","","","","","","","","","","","","","","","","","","","","","","","","","","","3.9","0.76","0.75","1.5","3.7","3.7","",
"Cayman Islands","CYM","Incidence of tuberculosis (per 100,000 people)","SH.TBS.INCD","","","","","","","","","","","","","","","","","","","","","","","","","","","","","","","","","","","","","","","","","14","2.7","0","0","2.4","1.2","0","2.2","2.2","4.2","8.3","4.1","12","9.9","0","13","",
"Cyprus","CYP","Incidence of tuberculosis (per 100,000 people)","SH.TBS.INCD","","","","","","","","","","","","","","","","","","","","","","","","","","","","","","","","","","","","","","","","","4","4.8","2.3","4","3.4","3.8","3.9","4.4","5.1","5.4","6.4","5.3","6.4","4.1","3.9","6.2","",
"Czech Republic","CZE","Incidence of tuberculosis (per 100,000 people)","SH.TBS.INCD","","","","","","","","","","","","","","","","","","","","","","","","","","","","","","","","","","","","","","","","","16","14","13","13","12","11","11","8.8","8.9","6.9","6.8","6.2","6.2","5.1","5.2","5.2","",
"Germany","DEU","Incidence of tuberculosis (per 100,000 people)","SH.TBS.INCD","","","","","","","","","","","","","","","","","","","","","","","","","","","","","","","","","","","","","","","","","13","9.8","9.8","9.9","8.7","8.1","7.3","6.6","5.9","6","5.8","5.8","5.8","6","6.2","8.1","",
"Djibouti","DJI","Incidence of tuberculosis (per 100,000 people)","SH.TBS.INCD","","","","","","","","","","","","","","","","","","","","","","","","","","","","","","","","","","","","","","","","","687","715","535","534","479","499","477","500","568","577","628","547","509","457","317","378","",
"Dominica","DMA","Incidence of tuberculosis (per 100,000 people)","SH.TBS.INCD","","","","","","","","","","","","","","","","","","","","","","","","","","","","","","","","","","","","","","","","","10","10","3.3","5.8","10","18","31","4.9","21","6.5","13","3.2","11","4.8","1.6","11","",
"Denmark","DNK","Incidence of tuberculosis (per 100,000 people)","SH.TBS.INCD","","","","","","","","","","","","","","","","","","","","","","","","","","","","","","","","","","","","","","","","","13","11","8.6","8.4","7.6","8.4","7.2","7.5","6.9","6.1","6.9","7.4","7","6.7","6","6","",
"Dominican Republic","DOM","Incidence of tuberculosis (per 100,000 people)","SH.TBS.INCD","","","","","","","","","","","","","","","","","","","","","","","","","","","","","","","","","","","","","","","","","100","96","92","89","85","82","79","76","73","70","67","65","62","60","60","60","",
"Algeria","DZA","Incidence of tuberculosis (per 100,000 people)","SH.TBS.INCD","","","","","","","","","","","","","","","","","","","","","","","","","","","","","","","","","","","","","","","","","74","72","74","76","76","80","78","78","74","77","77","73","73","68","72","75","",
"East Asia & Pacific (excluding high income)","EAP","Incidence of tuberculosis (per 100,000 people)","SH.TBS.INCD","","","","","","","","","","","","","","","","","","","","","","","","","","","","","","","","","","","","","","","","","181","178","176","174","171","167","164","162","161","159","155","154","153","150","148","147","",
"Early-demographic dividend","EAR","Incidence of tuberculosis (per 100,000 people)","SH.TBS.INCD","","","","","","","","","","","","","","","","","","","","","","","","","","","","","","","","","","","","","","","","","","","","","","","","","","","","","","","","","",
"East Asia & Pacific","EAS","Incidence of tuberculosis (per 100,000 people)","SH.TBS.INCD","","","","","","","","","","","","","","","","","","","","","","","","","","","","","","","","","","","","","","","","","167","165","163","161","157","155","152","150","149","147","144","143","141","139","137","136","",
"Europe & Central Asia (excluding high income)","ECA","Incidence of tuberculosis (per 100,000 people)","SH.TBS.INCD","","","","","","","","","","","","","","","","","","","","","","","","","","","","","","","","","","","","","","","","","126","128","128","127","124","119","114","108","101","95","87","80","76","73","70","67","",
"Europe & Central Asia","ECS","Incidence of tuberculosis (per 100,000 people)","SH.TBS.INCD","","","","","","","","","","","","","","","","","","","","","","","","","","","","","","","","","","","","","","","","","66","66","66","66","63","61","59","55","52","49","46","43","40","39","37","36","",
"Ecuador","ECU","Incidence of tuberculosis (per 100,000 people)","SH.TBS.INCD","","","","","","","","","","","","","","","","","","","","","","","","","","","","","","","","","","","","","","","","","99","91","84","78","74","70","67","63","61","60","59","59","59","56","54","52","",
"Egypt, Arab Rep.","EGY","Incidence of tuberculosis (per 100,000 people)","SH.TBS.INCD","","","","","","","","","","","","","","","","","","","","","","","","","","","","","","","","","","","","","","","","","26","25","24","23","22","21","21","20","19","19","18","17","17","16","15","15","",
"Euro area","EMU","Incidence of tuberculosis (per 100,000 people)","SH.TBS.INCD","","","","","","","","","","","","","","","","","","","","","","","","","","","","","","","","","","","","","","","","","","","","","","","","","","","","","","","","","",
"Eritrea","ERI","Incidence of tuberculosis (per 100,000 people)","SH.TBS.INCD","","","","","","","","","","","","","","","","","","","","","","","","","","","","","","","","","","","","","","","","","177","175","173","198","172","141","116","136","109","104","101","105","106","94","77","65","",
"Spain","ESP","Incidence of tuberculosis (per 100,000 people)","SH.TBS.INCD","","","","","","","","","","","","","","","","","","","","","","","","","","","","","","","","","","","","","","","","","23","19","20","27","16","19","20","19","19","18","17","16","14","13","12","12","",
"Estonia","EST","Incidence of tuberculosis (per 100,000 people)","SH.TBS.INCD","","","","","","","","","","","","","","","","","","","","","","","","","","","","","","","","","","","","","","","","","61","58","54","51","46","42","39","36","33","30","28","25","24","22","20","18","",
"Ethiopia","ETH","Incidence of tuberculosis (per 100,000 people)","SH.TBS.INCD","","","","","","","","","","","","","","","","","","","","","","","","","","","","","","","","","","","","","","","","","421","409","393","376","358","341","325","310","296","282","268","253","239","224","207","192","",
"European Union","EUU","Incidence of tuberculosis (per 100,000 people)","SH.TBS.INCD","","","","","","","","","","","","","","","","","","","","","","","","","","","","","","","","","","","","","","","","","","","","","","","","","","","","","","","","","",
"Fragile and conflict affected situations","FCS","Incidence of tuberculosis (per 100,000 people)","SH.TBS.INCD","","","","","","","","","","","","","","","","","","","","","","","","","","","","","","","","","","","","","","","","","","","","","","","","","","","","","","","","","",
"Finland","FIN","Incidence of tuberculosis (per 100,000 people)","SH.TBS.INCD","","","","","","","","","","","","","","","","","","","","","","","","","","","","","","","","","","","","","","","","","12","10","9.9","8.7","7","7.4","6.1","6.5","7.2","8.7","6.6","6.7","5.5","5.6","5.3","5.6","",
"Fiji","FJI","Incidence of tuberculosis (per 100,000 people)","SH.TBS.INCD","","","","","","","","","","","","","","","","","","","","","","","","","","","","","","","","","","","","","","","","","22","28","23","28","20","20","17","14","16","21","27","31","30","36","53","51","",
"France","FRA","Incidence of tuberculosis (per 100,000 people)","SH.TBS.INCD","","","","","","","","","","","","","","","","","","","","","","","","","","","","","","","","","","","","","","","","","12","11","11","12","9.8","9.5","9.4","10","10","9.1","8.9","8.7","8.6","8.6","8.2","8.2","",
"Faroe Islands","FRO","Incidence of tuberculosis (per 100,000 people)","SH.TBS.INCD","","","","","","","","","","","","","","","","","","","","","","","","","","","","","","","","","","","","","","","","","","","","","","","","","","","","","","","","","",
"Micronesia, Fed. Sts.","FSM","Incidence of tuberculosis (per 100,000 people)","SH.TBS.INCD","","","","","","","","","","","","","","","","","","","","","","","","","","","","","","","","","","","","","","","","","106","121","148","124","138","115","123","167","196","178","198","179","174","198","226","124","",
"Gabon","GAB","Incidence of tuberculosis (per 100,000 people)","SH.TBS.INCD","","","","","","","","","","","","","","","","","","","","","","","","","","","","","","","","","","","","","","","","","515","548","574","590","596","592","576","553","526","499","473","453","436","423","444","465","",
"United Kingdom","GBR","Incidence of tuberculosis (per 100,000 people)","SH.TBS.INCD","","","","","","","","","","","","","","","","","","","","","","","","","","","","","","","","","","","","","","","","","12","11","13","13","13","15","15","15","15","15","14","15","15","13","12","10","",
"Georgia","GEO","Incidence of tuberculosis (per 100,000 people)","SH.TBS.INCD","","","","","","","","","","","","","","","","","","","","","","","","","","","","","","","","","","","","","","","","","254","243","228","210","192","175","161","149","140","133","127","122","119","116","106","99","",
"Ghana","GHA","Incidence of tuberculosis (per 100,000 people)","SH.TBS.INCD","","","","","","","","","","","","","","","","","","","","","","","","","","","","","","","","","","","","","","","","","216","214","212","209","206","203","199","196","191","187","183","178","173","168","165","160","",
"Gibraltar","GIB","Incidence of tuberculosis (per 100,000 people)","SH.TBS.INCD","","","","","","","","","","","","","","","","","","","","","","","","","","","","","","","","","","","","","","","","","","","","","","","","","","","","","","","","","",
"Guinea","GIN","Incidence of tuberculosis (per 100,000 people)","SH.TBS.INCD","","","","","","","","","","","","","","","","","","","","","","","","","","","","","","","","","","","","","","","","","228","224","221","218","214","210","206","200","195","190","186","183","180","177","177","177","",
"Gambia, The","GMB","Incidence of tuberculosis (per 100,000 people)","SH.TBS.INCD","","","","","","","","","","","","","","","","","","","","","","","","","","","","","","","","","","","","","","","","","185","189","192","193","192","191","189","186","183","180","178","176","175","173","174","174","",
"Guinea-Bissau","GNB","Incidence of tuberculosis (per 100,000 people)","SH.TBS.INCD","","","","","","","","","","","","","","","","","","","","","","","","","","","","","","","","","","","","","","","","","305","317","330","342","353","361","366","367","368","369","372","376","382","387","369","373","",
"Equatorial Guinea","GNQ","Incidence of tuberculosis (per 100,000 people)","SH.TBS.INCD","","","","","","","","","","","","","","","","","","","","","","","","","","","","","","","","","","","","","","","","","96","98","101","102","104","106","109","113","117","123","129","136","144","153","162","172","",
"Greece","GRC","Incidence of tuberculosis (per 100,000 people)","SH.TBS.INCD","","","","","","","","","","","","","","","","","","","","","","","","","","","","","","","","","","","","","","","","","7.4","5.3","6","6.2","7.6","7.2","6.4","6.4","6","5.6","4.6","4.7","5.4","5.1","5.1","4.5","",
"Grenada","GRD","Incidence of tuberculosis (per 100,000 people)","SH.TBS.INCD","","","","","","","","","","","","","","","","","","","","","","","","","","","","","","","","","","","","","","","","","0","0.56","1.1","2.2","2.2","1.7","1.1","3.3","5.5","5.5","4.4","2.2","1.1","0.55","0","5.4","",
"Greenland","GRL","Incidence of tuberculosis (per 100,000 people)","SH.TBS.INCD","","","","","","","","","","","","","","","","","","","","","","","","","","","","","","","","","","","","","","","","","186","186","186","186","186","186","186","186","186","128","232","234","171","196","178","164","",
"Guatemala","GTM","Incidence of tuberculosis (per 100,000 people)","SH.TBS.INCD","","","","","","","","","","","","","","","","","","","","","","","","","","","","","","","","","","","","","","","","","31","25","30","26","32","36","34","28","29","25","28","25","28","26","25","25","",
"Guam","GUM","Incidence of tuberculosis (per 100,000 people)","SH.TBS.INCD","","","","","","","","","","","","","","","","","","","","","","","","","","","","","","","","","","","","","","","","","40","46","37","16","36","46","32","38","65","74","73","59","48","33","38","51","",
"Guyana","GUY","Incidence of tuberculosis (per 100,000 people)","SH.TBS.INCD","","","","","","","","","","","","","","","","","","","","","","","","","","","","","","","","","","","","","","","","","71","71","99","106","102","108","119","100","109","127","118","117","123","112","89","93","",
"High income","HIC","Incidence of tuberculosis (per 100,000 people)","SH.TBS.INCD","","","","","","","","","","","","","","","","","","","","","","","","","","","","","","","","","","","","","","","","","18","19","18","18","16","17","16","16","15","15","15","15","14","13","13","12","",
"Hong Kong SAR, China","HKG","Incidence of tuberculosis (per 100,000 people)","SH.TBS.INCD","","","","","","","","","","","","","","","","","","","","","","","","","","","","","","","","","","","","","","","","","102","114","105","99","96","95","93","90","92","85","81","77","78","76","76","71","",
"Honduras","HND","Incidence of tuberculosis (per 100,000 people)","SH.TBS.INCD","","","","","","","","","","","","","","","","","","","","","","","","","","","","","","","","","","","","","","","","","114","108","100","91","81","73","66","61","48","48","47","52","48","46","43","43","",
"Heavily indebted poor countries (HIPC)","HPC","Incidence of tuberculosis (per 100,000 people)","SH.TBS.INCD","","","","","","","","","","","","","","","","","","","","","","","","","","","","","","","","","","","","","","","","","","","","","","","","","","","","","","","","","",
"Croatia","HRV","Incidence of tuberculosis (per 100,000 people)","SH.TBS.INCD","","","","","","","","","","","","","","","","","","","","","","","","","","","","","","","","","","","","","","","","","42","36","38","36","31","28","27","25","26","22","18","17","14","14","13","13","",
"Haiti","HTI","Incidence of tuberculosis (per 100,000 people)","SH.TBS.INCD","","","","","","","","","","","","","","","","","","","","","","","","","","","","","","","","","","","","","","","","","270","274","277","277","276","272","266","257","248","238","229","220","213","206","200","194","",
"Hungary","HUN","Incidence of tuberculosis (per 100,000 people)","SH.TBS.INCD","","","","","","","","","","","","","","","","","","","","","","","","","","","","","","","","","","","","","","","","","35","33","31","31","26","21","19","18","16","15","18","15","13","12","9.3","9.3","",
"IBRD only","IBD","Incidence of tuberculosis (per 100,000 people)","SH.TBS.INCD","","","","","","","","","","","","","","","","","","","","","","","","","","","","","","","","","","","","","","","","","","","","","","","","","","","","","","","","","",
"IDA & IBRD total","IBT","Incidence of tuberculosis (per 100,000 people)","SH.TBS.INCD","","","","","","","","","","","","","","","","","","","","","","","","","","","","","","","","","","","","","","","","","","","","","","","","","","","","","","","","","",
"IDA total","IDA","Incidence of tuberculosis (per 100,000 people)","SH.TBS.INCD","","","","","","","","","","","","","","","","","","","","","","","","","","","","","","","","","","","","","","","","","","","","","","","","","","","","","","","","","",
"IDA blend","IDB","Incidence of tuberculosis (per 100,000 people)","SH.TBS.INCD","","","","","","","","","","","","","","","","","","","","","","","","","","","","","","","","","","","","","","","","","","","","","","","","","","","","","","","","","",
"Indonesia","IDN","Incidence of tuberculosis (per 100,000 people)","SH.TBS.INCD","","","","","","","","","","","","","","","","","","","","","","","","","","","","","","","","","","","","","","","","","449","448","446","444","441","437","433","429","424","419","415","410","407","403","399","395","",
"IDA only","IDX","Incidence of tuberculosis (per 100,000 people)","SH.TBS.INCD","","","","","","","","","","","","","","","","","","","","","","","","","","","","","","","","","","","","","","","","","","","","","","","","","","","","","","","","","",
"Isle of Man","IMN","Incidence of tuberculosis (per 100,000 people)","SH.TBS.INCD","","","","","","","","","","","","","","","","","","","","","","","","","","","","","","","","","","","","","","","","","","","","","","","","","","","","","","","","","",
"India","IND","Incidence of tuberculosis (per 100,000 people)","SH.TBS.INCD","","","","","","","","","","","","","","","","","","","","","","","","","","","","","","","","","","","","","","","","","289","288","287","285","282","279","274","268","261","254","247","241","234","228","223","217","",
"Not classified","INX","Incidence of tuberculosis (per 100,000 people)","SH.TBS.INCD","","","","","","","","","","","","","","","","","","","","","","","","","","","","","","","","","","","","","","","","","","","","","","","","","","","","","","","","","",
"Ireland","IRL","Incidence of tuberculosis (per 100,000 people)","SH.TBS.INCD","","","","","","","","","","","","","","","","","","","","","","","","","","","","","","","","","","","","","","","","","12","12","11","12","11","12","12","11","11","11","9.6","9.6","8.4","8.8","7.3","7.2","",
"Iran, Islamic Rep.","IRN","Incidence of tuberculosis (per 100,000 people)","SH.TBS.INCD","","","","","","","","","","","","","","","","","","","","","","","","","","","","","","","","","","","","","","","","","22","22","21","20","18","16","16","16","16","17","17","18","18","18","16","16","",
"Iraq","IRQ","Incidence of tuberculosis (per 100,000 people)","SH.TBS.INCD","","","","","","","","","","","","","","","","","","","","","","","","","","","","","","","","","","","","","","","","","50","50","49","49","48","48","48","47","46","46","45","45","45","45","43","43","",
"Iceland","ISL","Incidence of tuberculosis (per 100,000 people)","SH.TBS.INCD","","","","","","","","","","","","","","","","","","","","","","","","","","","","","","","","","","","","","","","","","5.3","4.9","3.2","2","4.3","3.9","5","4.5","2.2","3.3","8","2.9","3.6","3.9","2.8","2.4","",
"Israel","ISR","Incidence of tuberculosis (per 100,000 people)","SH.TBS.INCD","","","","","","","","","","","","","","","","","","","","","","","","","","","","","","","","","","","","","","","","","10","9.6","8.6","8.5","8.1","6.5","5.8","6.6","5.2","5.5","5.3","6.3","7.6","4.5","5.2","4","",
"Italy","ITA","Incidence of tuberculosis (per 100,000 people)","SH.TBS.INCD","","","","","","","","","","","","","","","","","","","","","","","","","","","","","","","","","","","","","","","","","7","8.6","7.8","8.7","7.8","7.5","8.1","5.4","8","7.9","8.8","6.6","6","5.8","5.8","5.8","",
"Jamaica","JAM","Incidence of tuberculosis (per 100,000 people)","SH.TBS.INCD","","","","","","","","","","","","","","","","","","","","","","","","","","","","","","","","","","","","","","","","","6.1","5.8","5","5.7","5.4","4.2","4.4","4.8","4.8","6.4","5.9","4.8","4.1","4.3","3.9","4.6","",
"Jordan","JOR","Incidence of tuberculosis (per 100,000 people)","SH.TBS.INCD","","","","","","","","","","","","","","","","","","","","","","","","","","","","","","","","","","","","","","","","","8","8.8","7.9","7.9","7.8","8.6","8.5","7.3","7.4","7.4","6.5","6.1","5.9","6","6.5","7","",
"Japan","JPN","Incidence of tuberculosis (per 100,000 people)","SH.TBS.INCD","","","","","","","","","","","","","","","","","","","","","","","","","","","","","","","","","","","","","","","","","36","32","30","29","27","25","23","22","22","21","20","20","19","19","18","17","",
"Kazakhstan","KAZ","Incidence of tuberculosis (per 100,000 people)","SH.TBS.INCD","","","","","","","","","","","","","","","","","","","","","","","","","","","","","","","","","","","","","","","","","177","192","199","202","199","191","181","170","162","154","145","135","126","115","99","89","",
"Kenya","KEN","Incidence of tuberculosis (per 100,000 people)","SH.TBS.INCD","","","","","","","","","","","","","","","","","","","","","","","","","","","","","","","","","","","","","","","","","286","311","332","348","358","361","355","344","330","314","299","285","271","259","246","233","",
"Kyrgyz Republic","KGZ","Incidence of tuberculosis (per 100,000 people)","SH.TBS.INCD","","","","","","","","","","","","","","","","","","","","","","","","","","","","","","","","","","","","","","","","","244","246","243","235","224","210","195","179","165","153","145","141","140","141","142","144","",
"Cambodia","KHM","Incidence of tuberculosis (per 100,000 people)","SH.TBS.INCD","","","","","","","","","","","","","","","","","","","","","","","","","","","","","","","","","","","","","","","","","575","567","556","542","527","511","496","480","465","450","436","423","411","400","390","380","",
"Kiribati","KIR","Incidence of tuberculosis (per 100,000 people)","SH.TBS.INCD","","","","","","","","","","","","","","","","","","","","","","","","","","","","","","","","","","","","","","","","","373","275","281","399","428","449","501","433","425","346","348","410","406","469","468","551","",
"St. Kitts and Nevis","KNA","Incidence of tuberculosis (per 100,000 people)","SH.TBS.INCD","","","","","","","","","","","","","","","","","","","","","","","","","","","","","","","","","","","","","","","","","0","5","7.4","2.4","4.7","0","2.3","9.1","11","8.9","4.4","2.2","4.3","0","15","5.1","",
"Korea, Rep.","KOR","Incidence of tuberculosis (per 100,000 people)","SH.TBS.INCD","","","","","","","","","","","","","","","","","","","","","","","","","","","","","","","","","","","","","","","","","50","86","80","84","78","96","94","93","89","95","96","100","94","89","86","80","",
"Kosovo","KSV","Incidence of tuberculosis (per 100,000 people)","SH.TBS.INCD","","","","","","","","","","","","","","","","","","","","","","","","","","","","","","","","","","","","","","","","","","","","","","","","","","","","","","","","","",
"Kuwait","KWT","Incidence of tuberculosis (per 100,000 people)","SH.TBS.INCD","","","","","","","","","","","","","","","","","","","","","","","","","","","","","","","","","","","","","","","","","31","29","33","31","30","26","31","29","37","37","36","24","25","23","22","22","",
"Latin America & Caribbean (excluding high income)","LAC","Incidence of tuberculosis (per 100,000 people)","SH.TBS.INCD","","","","","","","","","","","","","","","","","","","","","","","","","","","","","","","","","","","","","","","","","57","54","54","53","53","50","49","47","46","46","44","45","43","43","42","42","",
"Lao PDR","LAO","Incidence of tuberculosis (per 100,000 people)","SH.TBS.INCD","","","","","","","","","","","","","","","","","","","","","","","","","","","","","","","","","","","","","","","","","330","317","305","293","282","270","260","249","240","230","221","213","204","197","189","182","",
"Lebanon","LBN","Incidence of tuberculosis (per 100,000 people)","SH.TBS.INCD","","","","","","","","","","","","","","","","","","","","","","","","","","","","","","","","","","","","","","","","","20","18","14","12","12","11","11","13","15","14","14","12","15","15","14","13","",
"Liberia","LBR","Incidence of tuberculosis (per 100,000 people)","SH.TBS.INCD","","","","","","","","","","","","","","","","","","","","","","","","","","","","","","","","","","","","","","","","","240","245","250","256","262","267","272","277","282","288","293","299","304","308","308","308","",
"Libya","LBY","Incidence of tuberculosis (per 100,000 people)","SH.TBS.INCD","","","","","","","","","","","","","","","","","","","","","","","","","","","","","","","","","","","","","","","","","40","40","40","40","40","40","40","40","40","40","40","40","40","40","40","40","",
"St. Lucia","LCA","Incidence of tuberculosis (per 100,000 people)","SH.TBS.INCD","","","","","","","","","","","","","","","","","","","","","","","","","","","","","","","","","","","","","","","","","12","11","12","11","11","9.7","10","13","14","6.6","5.8","8.6","7","8.8","9.1","8.8","",
"Latin America & Caribbean","LCN","Incidence of tuberculosis (per 100,000 people)","SH.TBS.INCD","","","","","","","","","","","","","","","","","","","","","","","","","","","","","","","","","","","","","","","","","55","53","53","51","51","49","47","45","44","44","43","43","42","42","41","40","",
"Least developed countries: UN classification","LDC","Incidence of tuberculosis (per 100,000 people)","SH.TBS.INCD","","","","","","","","","","","","","","","","","","","","","","","","","","","","","","","","","","","","","","","","","","","","","","","","","","","","","","","","","",
"Low income","LIC","Incidence of tuberculosis (per 100,000 people)","SH.TBS.INCD","","","","","","","","","","","","","","","","","","","","","","","","","","","","","","","","","","","","","","","","","309","304","303","300","294","287","282","280","276","270","265","257","251","242","237","232","",
"Liechtenstein","LIE","Incidence of tuberculosis (per 100,000 people)","SH.TBS.INCD","","","","","","","","","","","","","","","","","","","","","","","","","","","","","","","","","","","","","","","","","","","","","","","","","","","","","","","","","",
"Sri Lanka","LKA","Incidence of tuberculosis (per 100,000 people)","SH.TBS.INCD","","","","","","","","","","","","","","","","","","","","","","","","","","","","","","","","","","","","","","","","","66","66","66","66","66","66","66","66","66","66","66","66","66","66","65","65","",
"Lower middle income","LMC","Incidence of tuberculosis (per 100,000 people)","SH.TBS.INCD","","","","","","","","","","","","","","","","","","","","","","","","","","","","","","","","","","","","","","","","","279","279","278","277","275","272","268","264","259","254","250","246","241","237","232","228","",
"Low & middle income","LMY","Incidence of tuberculosis (per 100,000 people)","SH.TBS.INCD","","","","","","","","","","","","","","","","","","","","","","","","","","","","","","","","","","","","","","","","","205","204","204","203","202","199","196","193","190","187","183","180","176","173","169","166","",
"Lesotho","LSO","Incidence of tuberculosis (per 100,000 people)","SH.TBS.INCD","","","","","","","","","","","","","","","","","","","","","","","","","","","","","","","","","","","","","","","","","992","1084","1160","1218","1259","1279","1278","1259","1225","1177","1119","1054","985","916","852","788","",
"Late-demographic dividend","LTE","Incidence of tuberculosis (per 100,000 people)","SH.TBS.INCD","","","","","","","","","","","","","","","","","","","","","","","","","","","","","","","","","","","","","","","","","","","","","","","","","","","","","","","","","",
"Lithuania","LTU","Incidence of tuberculosis (per 100,000 people)","SH.TBS.INCD","","","","","","","","","","","","","","","","","","","","","","","","","","","","","","","","","","","","","","","","","102","100","97","93","89","86","83","80","78","76","73","70","68","65","62","56","",
"Luxembourg","LUX","Incidence of tuberculosis (per 100,000 people)","SH.TBS.INCD","","","","","","","","","","","","","","","","","","","","","","","","","","","","","","","","","","","","","","","","","12","8.1","8","14","7.9","9.3","8.2","9.4","6.6","6.3","6.6","5.5","9.7","8","5","6.1","",
"Latvia","LVA","Incidence of tuberculosis (per 100,000 people)","SH.TBS.INCD","","","","","","","","","","","","","","","","","","","","","","","","","","","","","","","","","","","","","","","","","122","114","104","94","84","75","68","62","57","53","51","50","50","50","49","41","",
"Macao SAR, China","MAC","Incidence of tuberculosis (per 100,000 people)","SH.TBS.INCD","","","","","","","","","","","","","","","","","","","","","","","","","","","","","","","","","","","","","","","","","120","122","100","96","85","98","99","89","89","76","85","80","83","88","78","72","",
"St. Martin (French part)","MAF","Incidence of tuberculosis (per 100,000 people)","SH.TBS.INCD","","","","","","","","","","","","","","","","","","","","","","","","","","","","","","","","","","","","","","","","","","","","","","","","","","","","","","","","","",
"Morocco","MAR","Incidence of tuberculosis (per 100,000 people)","SH.TBS.INCD","","","","","","","","","","","","","","","","","","","","","","","","","","","","","","","","","","","","","","","","","118","112","108","104","102","100","99","99","99","99","100","101","103","104","106","107","",
"Monaco","MCO","Incidence of tuberculosis (per 100,000 people)","SH.TBS.INCD","","","","","","","","","","","","","","","","","","","","","","","","","","","","","","","","","","","","","","","","","0","0","0","0.39","0.78","1.2","1.6","2","2.3","2.7","3.1","2.3","1.6","0.78","0","0","",
"Moldova","MDA","Incidence of tuberculosis (per 100,000 people)","SH.TBS.INCD","","","","","","","","","","","","","","","","","","","","","","","","","","","","","","","","","","","","","","","","","148","155","162","168","173","176","176","175","172","169","165","162","160","159","153","152","",
"Madagascar","MDG","Incidence of tuberculosis (per 100,000 people)","SH.TBS.INCD","","","","","","","","","","","","","","","","","","","","","","","","","","","","","","","","","","","","","","","","","293","286","280","273","268","262","257","252","248","244","241","238","236","233","235","236","",
"Maldives","MDV","Incidence of tuberculosis (per 100,000 people)","SH.TBS.INCD","","","","","","","","","","","","","","","","","","","","","","","","","","","","","","","","","","","","","","","","","59","61","54","58","50","50","40","50","47","38","36","32","40","41","44","53","",
"Middle East & North Africa","MEA","Incidence of tuberculosis (per 100,000 people)","SH.TBS.INCD","","","","","","","","","","","","","","","","","","","","","","","","","","","","","","","","","","","","","","","","","46","45","43","42","40","39","38","37","36","36","36","35","35","34","33","34","",
"Mexico","MEX","Incidence of tuberculosis (per 100,000 people)","SH.TBS.INCD","","","","","","","","","","","","","","","","","","","","","","","","","","","","","","","","","","","","","","","","","29","27","25","23","22","21","20","20","20","20","21","21","21","21","21","21","",
"Marshall Islands","MHL","Incidence of tuberculosis (per 100,000 people)","SH.TBS.INCD","","","","","","","","","","","","","","","","","","","","","","","","","","","","","","","","","","","","","","","","","81","134","122","144","281","267","334","379","299","337","460","331","345","354","335","344","",
"Middle income","MIC","Incidence of tuberculosis (per 100,000 people)","SH.TBS.INCD","","","","","","","","","","","","","","","","","","","","","","","","","","","","","","","","","","","","","","","","","195","195","195","194","193","191","188","185","182","179","174","171","168","165","161","159","",
"Macedonia, FYR","MKD","Incidence of tuberculosis (per 100,000 people)","SH.TBS.INCD","","","","","","","","","","","","","","","","","","","","","","","","","","","","","","","","","","","","","","","","","36","36","38","39","36","33","31","29","25","25","21","18","19","17","15","13","",
"Mali","MLI","Incidence of tuberculosis (per 100,000 people)","SH.TBS.INCD","","","","","","","","","","","","","","","","","","","","","","","","","","","","","","","","","","","","","","","","","77","76","74","73","71","69","68","66","65","64","63","62","61","60","58","57","",
"Malta","MLT","Incidence of tuberculosis (per 100,000 people)","SH.TBS.INCD","","","","","","","","","","","","","","","","","","","","","","","","","","","","","","","","","","","","","","","","","4.8","4.7","7.1","2","5.2","6.4","8.6","11","14","12","8.1","8.3","12","14","12","8.8","",
"Myanmar","MMR","Incidence of tuberculosis (per 100,000 people)","SH.TBS.INCD","","","","","","","","","","","","","","","","","","","","","","","","","","","","","","","","","","","","","","","","","411","411","410","408","406","403","400","396","392","388","384","380","376","373","369","365","",
"Middle East & North Africa (excluding high income)","MNA","Incidence of tuberculosis (per 100,000 people)","SH.TBS.INCD","","","","","","","","","","","","","","","","","","","","","","","","","","","","","","","","","","","","","","","","","50","48","46","45","43","42","41","41","39","39","39","39","38","37","37","38","",
"Montenegro","MNE","Incidence of tuberculosis (per 100,000 people)","SH.TBS.INCD","","","","","","","","","","","","","","","","","","","","","","","","","","","","","","","","","","","","","","","","","","","","","","29","31","27","24","21","20","20","18","22","21","21","",
"Mongolia","MNG","Incidence of tuberculosis (per 100,000 people)","SH.TBS.INCD","","","","","","","","","","","","","","","","","","","","","","","","","","","","","","","","","","","","","","","","","428","428","428","428","428","428","428","428","428","428","428","428","428","428","428","428","",
"Northern Mariana Islands","MNP","Incidence of tuberculosis (per 100,000 people)","SH.TBS.INCD","","","","","","","","","","","","","","","","","","","","","","","","","","","","","","","","","","","","","","","","","126","97","89","77","92","102","94","85","56","79","68","71","69","70","55","58","",
"Mozambique","MOZ","Incidence of tuberculosis (per 100,000 people)","SH.TBS.INCD","","","","","","","","","","","","","","","","","","","","","","","","","","","","","","","","","","","","","","","","","513","515","517","518","520","523","526","531","536","540","545","548","551","551","551","551","",
"Mauritania","MRT","Incidence of tuberculosis (per 100,000 people)","SH.TBS.INCD","","","","","","","","","","","","","","","","","","","","","","","","","","","","","","","","","","","","","","","","","250","235","220","206","193","181","170","160","151","143","135","128","121","115","111","107","",
"Mauritius","MUS","Incidence of tuberculosis (per 100,000 people)","SH.TBS.INCD","","","","","","","","","","","","","","","","","","","","","","","","","","","","","","","","","","","","","","","","","24","24","24","24","23","23","23","22","22","22","22","21","21","21","22","22","",
"Malawi","MWI","Incidence of tuberculosis (per 100,000 people)","SH.TBS.INCD","","","","","","","","","","","","","","","","","","","","","","","","","","","","","","","","","","","","","","","","","392","394","396","397","397","397","392","383","370","352","332","312","294","261","227","193","",
"Malaysia","MYS","Incidence of tuberculosis (per 100,000 people)","SH.TBS.INCD","","","","","","","","","","","","","","","","","","","","","","","","","","","","","","","","","","","","","","","","","74","71","68","73","68","69","70","69","72","72","76","80","87","91","93","89","",
"North America","NAC","Incidence of tuberculosis (per 100,000 people)","SH.TBS.INCD","","","","","","","","","","","","","","","","","","","","","","","","","","","","","","","","","","","","","","","","","6.6","6.4","6","5.9","5.7","5.5","5.3","5.1","4.9","4.4","4.2","4","3.8","3.5","3.4","3.4","",
"Namibia","NAM","Incidence of tuberculosis (per 100,000 people)","SH.TBS.INCD","","","","","","","","","","","","","","","","","","","","","","","","","","","","","","","","","","","","","","","","","711","846","848","915","938","920","893","832","794","696","643","603","546","511","474","489","",
"New Caledonia","NCL","Incidence of tuberculosis (per 100,000 people)","SH.TBS.INCD","","","","","","","","","","","","","","","","","","","","","","","","","","","","","","","","","","","","","","","","","51","33","34","20","31","24","25","23","24","26","23","24","17","15","13","24","",
"Niger","NER","Incidence of tuberculosis (per 100,000 people)","SH.TBS.INCD","","","","","","","","","","","","","","","","","","","","","","","","","","","","","","","","","","","","","","","","","191","179","168","159","151","143","136","129","123","118","113","109","105","102","98","95","",
"Nigeria","NGA","Incidence of tuberculosis (per 100,000 people)","SH.TBS.INCD","","","","","","","","","","","","","","","","","","","","","","","","","","","","","","","","","","","","","","","","","325","331","336","339","342","343","343","342","341","340","339","339","339","338","322","322","",
"Nicaragua","NIC","Incidence of tuberculosis (per 100,000 people)","SH.TBS.INCD","","","","","","","","","","","","","","","","","","","","","","","","","","","","","","","","","","","","","","","","","60","60","51","54","52","44","46","52","52","50","53","58","59","58","55","51","",
"Netherlands","NLD","Incidence of tuberculosis (per 100,000 people)","SH.TBS.INCD","","","","","","","","","","","","","","","","","","","","","","","","","","","","","","","","","","","","","","","","","9","10","9.7","9.3","9.3","7.9","7","6.5","6.7","7.8","7.1","6.7","6.3","5.7","5.5","5.8","",
"Norway","NOR","Incidence of tuberculosis (per 100,000 people)","SH.TBS.INCD","","","","","","","","","","","","","","","","","","","","","","","","","","","","","","","","","","","","","","","","","5.7","7","6.2","8.4","7.1","6.9","6.8","6.9","7.2","7.8","6.9","7.4","7.9","8.2","6.8","6.3","",
"Nepal","NPL","Incidence of tuberculosis (per 100,000 people)","SH.TBS.INCD","","","","","","","","","","","","","","","","","","","","","","","","","","","","","","","","","","","","","","","","","163","163","163","163","163","163","164","164","164","164","163","162","161","159","158","156","",
"Nauru","NRU","Incidence of tuberculosis (per 100,000 people)","SH.TBS.INCD","","","","","","","","","","","","","","","","","","","","","","","","","","","","","","","","","","","","","","","","","46","34","57","34","65","125","137","34","57","46","34","57","67","78","90","113","",
"New Zealand","NZL","Incidence of tuberculosis (per 100,000 people)","SH.TBS.INCD","","","","","","","","","","","","","","","","","","","","","","","","","","","","","","","","","","","","","","","","","10","11","9.6","12","10","9.2","9.4","7.4","7.8","7.9","7.9","8","7.6","7","7.6","7.4","",
"OECD members","OED","Incidence of tuberculosis (per 100,000 people)","SH.TBS.INCD","","","","","","","","","","","","","","","","","","","","","","","","","","","","","","","","","","","","","","","","","","","","","","","","","","","","","","","","","",
"Oman","OMN","Incidence of tuberculosis (per 100,000 people)","SH.TBS.INCD","","","","","","","","","","","","","","","","","","","","","","","","","","","","","","","","","","","","","","","","","16","15","14","12","14","12","15","15","15","14","12","12","12","9.7","9.7","8.4","",
"Other small states","OSS","Incidence of tuberculosis (per 100,000 people)","SH.TBS.INCD","","","","","","","","","","","","","","","","","","","","","","","","","","","","","","","","","","","","","","","","","","","","","","","","","","","","","","","","","",
"Pakistan","PAK","Incidence of tuberculosis (per 100,000 people)","SH.TBS.INCD","","","","","","","","","","","","","","","","","","","","","","","","","","","","","","","","","","","","","","","","","275","275","275","276","276","276","276","276","276","276","276","276","276","275","270","270","",
"Panama","PAN","Incidence of tuberculosis (per 100,000 people)","SH.TBS.INCD","","","","","","","","","","","","","","","","","","","","","","","","","","","","","","","","","","","","","","","","","48","70","63","63","65","62","61","58","58","54","53","55","51","48","47","50","",
"Peru","PER","Incidence of tuberculosis (per 100,000 people)","SH.TBS.INCD","","","","","","","","","","","","","","","","","","","","","","","","","","","","","","","","","","","","","","","","","186","177","170","149","153","153","153","143","140","137","132","131","123","122","121","119","",
"Philippines","PHL","Incidence of tuberculosis (per 100,000 people)","SH.TBS.INCD","","","","","","","","","","","","","","","","","","","","","","","","","","","","","","","","","","","","","","","","","368","362","355","349","343","337","331","325","322","322","322","322","322","322","322","322","",
"Palau","PLW","Incidence of tuberculosis (per 100,000 people)","SH.TBS.INCD","","","","","","","","","","","","","","","","","","","","","","","","","","","","","","","","","","","","","","","","","65","65","65","53","29","58","69","63","82","107","107","67","22","44","76","76","",
"Papua New Guinea","PNG","Incidence of tuberculosis (per 100,000 people)","SH.TBS.INCD","","","","","","","","","","","","","","","","","","","","","","","","","","","","","","","","","","","","","","","","","432","432","432","432","432","432","432","432","432","432","432","432","432","432","432","432","",
"Poland","POL","Incidence of tuberculosis (per 100,000 people)","SH.TBS.INCD","","","","","","","","","","","","","","","","","","","","","","","","","","","","","","","","","","","","","","","","","33","30","30","30","26","25","24","24","22","23","21","24","21","21","19","19","",
"Pre-demographic dividend","PRE","Incidence of tuberculosis (per 100,000 people)","SH.TBS.INCD","","","","","","","","","","","","","","","","","","","","","","","","","","","","","","","","","","","","","","","","","","","","","","","","","","","","","","","","","",
"Puerto Rico","PRI","Incidence of tuberculosis (per 100,000 people)","SH.TBS.INCD","","","","","","","","","","","","","","","","","","","","","","","","","","","","","","","","","","","","","","","","","5.3","3.7","3.9","3.5","3.7","3.5","3.4","3","2.9","1.9","2.5","1.6","2.2","1.6","1.4","1.6","",
"Korea, Dem. People’s Rep.","PRK","Incidence of tuberculosis (per 100,000 people)","SH.TBS.INCD","","","","","","","","","","","","","","","","","","","","","","","","","","","","","","","","","","","","","","","","","187","159","216","263","236","224","232","305","374","392","432","464","464","490","515","561","",
"Portugal","PRT","Incidence of tuberculosis (per 100,000 people)","SH.TBS.INCD","","","","","","","","","","","","","","","","","","","","","","","","","","","","","","","","","","","","","","","","","47","48","49","44","40","36","35","32","31","29","28","27","27","26","24","23","",
"Paraguay","PRY","Incidence of tuberculosis (per 100,000 people)","SH.TBS.INCD","","","","","","","","","","","","","","","","","","","","","","","","","","","","","","","","","","","","","","","","","42","44","44","47","47","43","48","44","42","44","42","43","44","40","39","41","",
"Pacific island small states","PSS","Incidence of tuberculosis (per 100,000 people)","SH.TBS.INCD","","","","","","","","","","","","","","","","","","","","","","","","","","","","","","","","","","","","","","","","","","","","","","","","","","","","","","","","","",
"Post-demographic dividend","PST","Incidence of tuberculosis (per 100,000 people)","SH.TBS.INCD","","","","","","","","","","","","","","","","","","","","","","","","","","","","","","","","","","","","","","","","","","","","","","","","","","","","","","","","","",
"French Polynesia","PYF","Incidence of tuberculosis (per 100,000 people)","SH.TBS.INCD","","","","","","","","","","","","","","","","","","","","","","","","","","","","","","","","","","","","","","","","","30","30","31","24","28","28","31","28","22","23","18","27","21","22","23","19","",
"Qatar","QAT","Incidence of tuberculosis (per 100,000 people)","SH.TBS.INCD","","","","","","","","","","","","","","","","","","","","","","","","","","","","","","","","","","","","","","","","","54","53","50","48","43","45","39","39","47","45","38","33","42","32","25","34","",
"Romania","ROU","Incidence of tuberculosis (per 100,000 people)","SH.TBS.INCD","","","","","","","","","","","","","","","","","","","","","","","","","","","","","","","","","","","","","","","","","181","175","168","161","154","147","139","131","124","116","105","97","93","90","87","84","",
"Russian Federation","RUS","Incidence of tuberculosis (per 100,000 people)","SH.TBS.INCD","","","","","","","","","","","","","","","","","","","","","","","","","","","","","","","","","","","","","","","","","128","132","136","138","138","136","132","126","119","112","101","91","85","85","82","80","",
"Rwanda","RWA","Incidence of tuberculosis (per 100,000 people)","SH.TBS.INCD","","","","","","","","","","","","","","","","","","","","","","","","","","","","","","","","","","","","","","","","","98","99","100","101","102","101","100","98","96","93","88","82","76","69","63","56","",
"South Asia","SAS","Incidence of tuberculosis (per 100,000 people)","SH.TBS.INCD","","","","","","","","","","","","","","","","","","","","","","","","","","","","","","","","","","","","","","","","","275","274","273","272","270","267","263","259","254","249","244","238","234","229","225","220","",
"Saudi Arabia","SAU","Incidence of tuberculosis (per 100,000 people)","SH.TBS.INCD","","","","","","","","","","","","","","","","","","","","","","","","","","","","","","","","","","","","","","","","","19","17","17","16","16","16","17","17","17","17","18","16","14","13","12","12","",
"Sudan","SDN","Incidence of tuberculosis (per 100,000 people)","SH.TBS.INCD","","","","","","","","","","","","","","","","","","","","","","","","","","","","","","","","","","","","","","","","","128","126","124","121","119","117","115","113","111","109","107","105","103","100","94","88","",
"Senegal","SEN","Incidence of tuberculosis (per 100,000 people)","SH.TBS.INCD","","","","","","","","","","","","","","","","","","","","","","","","","","","","","","","","","","","","","","","","","155","153","150","147","144","141","139","138","137","136","136","136","136","136","138","139","",
"Singapore","SGP","Incidence of tuberculosis (per 100,000 people)","SH.TBS.INCD","","","","","","","","","","","","","","","","","","","","","","","","","","","","","","","","","","","","","","","","","51","44","42","43","37","35","33","33","37","35","35","36","50","46","45","44","",
"Solomon Islands","SLB","Incidence of tuberculosis (per 100,000 people)","SH.TBS.INCD","","","","","","","","","","","","","","","","","","","","","","","","","","","","","","","","","","","","","","","","","92","86","74","82","93","106","96","101","96","89","80","93","82","80","75","89","",
"Sierra Leone","SLE","Incidence of tuberculosis (per 100,000 people)","SH.TBS.INCD","","","","","","","","","","","","","","","","","","","","","","","","","","","","","","","","","","","","","","","","","305","309","311","313","314","316","317","318","318","318","317","316","314","313","310","307","",
"El Salvador","SLV","Incidence of tuberculosis (per 100,000 people)","SH.TBS.INCD","","","","","","","","","","","","","","","","","","","","","","","","","","","","","","","","","","","","","","","","","28","27","27","28","30","31","32","32","32","32","33","34","37","39","41","43","",
"San Marino","SMR","Incidence of tuberculosis (per 100,000 people)","SH.TBS.INCD","","","","","","","","","","","","","","","","","","","","","","","","","","","","","","","","","","","","","","","","","4.2","0","4.1","4","0","2.5","2.5","2.5","2.5","2.5","2.5","2.5","2.5","2.5","2.5","2.5","",
"Somalia","SOM","Incidence of tuberculosis (per 100,000 people)","SH.TBS.INCD","","","","","","","","","","","","","","","","","","","","","","","","","","","","","","","","","","","","","","","","","285","285","285","285","285","285","285","285","286","286","286","286","286","285","274","274","",
"Serbia","SRB","Incidence of tuberculosis (per 100,000 people)","SH.TBS.INCD","","","","","","","","","","","","","","","","","","","","","","","","","","","","","","","","","","","","","","","","","","","","","","40","40","36","34","32","30","28","24","27","24","21","",
"Sub-Saharan Africa (excluding high income)","SSA","Incidence of tuberculosis (per 100,000 people)","SH.TBS.INCD","","","","","","","","","","","","","","","","","","","","","","","","","","","","","","","","","","","","","","","","","344","349","353","355","355","354","350","344","337","329","320","312","304","293","282","276","",
"South Sudan","SSD","Incidence of tuberculosis (per 100,000 people)","SH.TBS.INCD","","","","","","","","","","","","","","","","","","","","","","","","","","","","","","","","","","","","","","","","","","","","","","","","","","","","146","146","146","146","146","",
"Sub-Saharan Africa","SSF","Incidence of tuberculosis (per 100,000 people)","SH.TBS.INCD","","","","","","","","","","","","","","","","","","","","","","","","","","","","","","","","","","","","","","","","","344","349","353","355","355","354","350","344","337","329","320","312","304","293","282","276","",
"Small states","SST","Incidence of tuberculosis (per 100,000 people)","SH.TBS.INCD","","","","","","","","","","","","","","","","","","","","","","","","","","","","","","","","","","","","","","","","","","","","","","","","","","","","","","","","","",
"Sao Tome and Principe","STP","Incidence of tuberculosis (per 100,000 people)","SH.TBS.INCD","","","","","","","","","","","","","","","","","","","","","","","","","","","","","","","","","","","","","","","","","114","112","110","109","107","105","103","101","99","98","96","94","93","91","97","97","",
"Suriname","SUR","Incidence of tuberculosis (per 100,000 people)","SH.TBS.INCD","","","","","","","","","","","","","","","","","","","","","","","","","","","","","","","","","","","","","","","","","23","19","25","27","25","30","33","29","27","43","47","30","30","33","34","33","",
"Slovak Republic","SVK","Incidence of tuberculosis (per 100,000 people)","SH.TBS.INCD","","","","","","","","","","","","","","","","","","","","","","","","","","","","","","","","","","","","","","","","","22","21","21","21","14","15","14","13","12","9.6","8.7","8","6.8","8.4","6.8","6.5","",
"Slovenia","SVN","Incidence of tuberculosis (per 100,000 people)","SH.TBS.INCD","","","","","","","","","","","","","","","","","","","","","","","","","","","","","","","","","","","","","","","","","21","21","20","16","14","15","12","12","12","10","9.5","10","7.5","7.7","7.9","7.2","",
"Sweden","SWE","Incidence of tuberculosis (per 100,000 people)","SH.TBS.INCD","","","","","","","","","","","","","","","","","","","","","","","","","","","","","","","","","","","","","","","","","5.4","5.1","4.8","5.1","5.5","6.9","6.2","5.8","6.4","7.1","7.5","6.5","7.1","7.3","7.5","9.2","",
"Swaziland","SWZ","Incidence of tuberculosis (per 100,000 people)","SH.TBS.INCD","","","","","","","","","","","","","","","","","","","","","","","","","","","","","","","","","","","","","","","","","832","956","1061","1149","1232","1292","1332","1354","1347","1308","1246","1157","1042","900","733","565","",
"Sint Maarten (Dutch part)","SXM","Incidence of tuberculosis (per 100,000 people)","SH.TBS.INCD","","","","","","","","","","","","","","","","","","","","","","","","","","","","","","","","","","","","","","","","","","","","","","","","","","","10","6.8","3.3","6.3","0","5.9","",
"Seychelles","SYC","Incidence of tuberculosis (per 100,000 people)","SH.TBS.INCD","","","","","","","","","","","","","","","","","","","","","","","","","","","","","","","","","","","","","","","","","28","26","40","13","24","18","14","10","7.5","19","21","26","24","29","16","9.5","",
"Syrian Arab Republic","SYR","Incidence of tuberculosis (per 100,000 people)","SH.TBS.INCD","","","","","","","","","","","","","","","","","","","","","","","","","","","","","","","","","","","","","","","","","39","37","35","35","32","30","26","27","23","25","22","22","19","18","23","20","",
"Turks and Caicos Islands","TCA","Incidence of tuberculosis (per 100,000 people)","SH.TBS.INCD","","","","","","","","","","","","","","","","","","","","","","","","","","","","","","","","","","","","","","","","","17","17","16","29","29","29","29","27","25","24","22","33","28","6.9","3.4","6.7","",
"Chad","TCD","Incidence of tuberculosis (per 100,000 people)","SH.TBS.INCD","","","","","","","","","","","","","","","","","","","","","","","","","","","","","","","","","","","","","","","","","151","152","152","152","151","151","151","151","151","151","151","151","151","151","159","152","",
"East Asia & Pacific (IDA & IBRD countries)","TEA","Incidence of tuberculosis (per 100,000 people)","SH.TBS.INCD","","","","","","","","","","","","","","","","","","","","","","","","","","","","","","","","","","","","","","","","","","","","","","","","","","","","","","","","","",
"Europe & Central Asia (IDA & IBRD countries)","TEC","Incidence of tuberculosis (per 100,000 people)","SH.TBS.INCD","","","","","","","","","","","","","","","","","","","","","","","","","","","","","","","","","","","","","","","","","","","","","","","","","","","","","","","","","",
"Togo","TGO","Incidence of tuberculosis (per 100,000 people)","SH.TBS.INCD","","","","","","","","","","","","","","","","","","","","","","","","","","","","","","","","","","","","","","","","","52","53","56","60","66","71","74","77","78","77","76","73","69","64","58","52","",
"Thailand","THA","Incidence of tuberculosis (per 100,000 people)","SH.TBS.INCD","","","","","","","","","","","","","","","","","","","","","","","","","","","","","","","","","","","","","","","","","241","245","244","240","232","224","215","205","196","188","181","176","172","170","171","172","",
"Tajikistan","TJK","Incidence of tuberculosis (per 100,000 people)","SH.TBS.INCD","","","","","","","","","","","","","","","","","","","","","","","","","","","","","","","","","","","","","","","","","219","222","220","215","207","196","183","169","155","141","128","117","108","100","91","87","",
"Turkmenistan","TKM","Incidence of tuberculosis (per 100,000 people)","SH.TBS.INCD","","","","","","","","","","","","","","","","","","","","","","","","","","","","","","","","","","","","","","","","","208","209","206","199","188","175","160","146","131","116","103","92","81","72","64","70","",
"Latin America & the Caribbean (IDA & IBRD countries)","TLA","Incidence of tuberculosis (per 100,000 people)","SH.TBS.INCD","","","","","","","","","","","","","","","","","","","","","","","","","","","","","","","","","","","","","","","","","","","","","","","","","","","","","","","","","",
"Middle East & North Africa (IDA & IBRD countries)","TMN","Incidence of tuberculosis (per 100,000 people)","SH.TBS.INCD","","","","","","","","","","","","","","","","","","","","","","","","","","","","","","","","","","","","","","","","","","","","","","","","","","","","","","","","","",
"Timor-Leste","TLS","Incidence of tuberculosis (per 100,000 people)","SH.TBS.INCD","","","","","","","","","","","","","","","","","","","","","","","","","","","","","","","","","","","","","","","","","","","498","498","498","498","498","498","498","498","498","498","498","498","498","498","",
"Tonga","TON","Incidence of tuberculosis (per 100,000 people)","SH.TBS.INCD","","","","","","","","","","","","","","","","","","","","","","","","","","","","","","","","","","","","","","","","","28","14","34","18","14","21","20","26","15","8.9","12","9.9","12","11","14","15","",
"South Asia (IDA & IBRD)","TSA","Incidence of tuberculosis (per 100,000 people)","SH.TBS.INCD","","","","","","","","","","","","","","","","","","","","","","","","","","","","","","","","","","","","","","","","","","","","","","","","","","","","","","","","","",
"Sub-Saharan Africa (IDA & IBRD countries)","TSS","Incidence of tuberculosis (per 100,000 people)","SH.TBS.INCD","","","","","","","","","","","","","","","","","","","","","","","","","","","","","","","","","","","","","","","","","","","","","","","","","","","","","","","","","",
"Trinidad and Tobago","TTO","Incidence of tuberculosis (per 100,000 people)","SH.TBS.INCD","","","","","","","","","","","","","","","","","","","","","","","","","","","","","","","","","","","","","","","","","18","19","12","13","16","15","20","19","24","24","19","19","23","21","21","17","",
"Tunisia","TUN","Incidence of tuberculosis (per 100,000 people)","SH.TBS.INCD","","","","","","","","","","","","","","","","","","","","","","","","","","","","","","","","","","","","","","","","","26","25","24","25","25","26","26","28","27","26","28","35","37","34","35","37","",
"Turkey","TUR","Incidence of tuberculosis (per 100,000 people)","SH.TBS.INCD","","","","","","","","","","","","","","","","","","","","","","","","","","","","","","","","","","","","","","","","","33","31","32","31","30","33","33","31","29","27","25","24","22","20","19","18","",
"Tuvalu","TUV","Incidence of tuberculosis (per 100,000 people)","SH.TBS.INCD","","","","","","","","","","","","","","","","","","","","","","","","","","","","","","","","","","","","","","","","","195","194","157","372","230","142","106","212","200","211","164","140","222","210","174","232","",
"Tanzania","TZA","Incidence of tuberculosis (per 100,000 people)","SH.TBS.INCD","","","","","","","","","","","","","","","","","","","","","","","","","","","","","","","","","","","","","","","","","503","506","509","510","510","510","504","492","474","452","426","401","378","336","327","306","",
"Uganda","UGA","Incidence of tuberculosis (per 100,000 people)","SH.TBS.INCD","","","","","","","","","","","","","","","","","","","","","","","","","","","","","","","","","","","","","","","","","276","266","256","248","240","233","227","222","217","213","210","207","205","203","202","202","",
"Ukraine","UKR","Incidence of tuberculosis (per 100,000 people)","SH.TBS.INCD","","","","","","","","","","","","","","","","","","","","","","","","","","","","","","","","","","","","","","","","","114","119","123","126","127","127","125","123","119","115","110","105","101","96","94","91","",
"Upper middle income","UMC","Incidence of tuberculosis (per 100,000 people)","SH.TBS.INCD","","","","","","","","","","","","","","","","","","","","","","","","","","","","","","","","","","","","","","","","","111","110","110","109","108","105","103","101","99","97","92","90","88","84","82","81","",
"Uruguay","URY","Incidence of tuberculosis (per 100,000 people)","SH.TBS.INCD","","","","","","","","","","","","","","","","","","","","","","","","","","","","","","","","","","","","","","","","","22","24","19","22","25","22","19","21","24","24","24","28","27","30","29","30","",
"United States","USA","Incidence of tuberculosis (per 100,000 people)","SH.TBS.INCD","","","","","","","","","","","","","","","","","","","","","","","","","","","","","","","","","","","","","","","","","6.6","6.4","6","5.9","5.7","5.5","5.3","5.1","4.9","4.3","4.1","3.9","3.6","3.3","3.2","3.2","",
"Uzbekistan","UZB","Incidence of tuberculosis (per 100,000 people)","SH.TBS.INCD","","","","","","","","","","","","","","","","","","","","","","","","","","","","","","","","","","","","","","","","","99","107","113","117","119","120","116","110","105","101","97","93","89","86","82","79","",
"St. Vincent and the Grenadines","VCT","Incidence of tuberculosis (per 100,000 people)","SH.TBS.INCD","","","","","","","","","","","","","","","","","","","","","","","","","","","","","","","","","","","","","","","","","17","11","11","15","8.5","7.4","14","13","13","9.5","16","18","32","3.2","5.3","7.4","",
"Venezuela, RB","VEN","Incidence of tuberculosis (per 100,000 people)","SH.TBS.INCD","","","","","","","","","","","","","","","","","","","","","","","","","","","","","","","","","","","","","","","","","33","31","31","33","32","32","31","29","28","28","28","27","27","27","26","29","",
"British Virgin Islands","VGB","Incidence of tuberculosis (per 100,000 people)","SH.TBS.INCD","","","","","","","","","","","","","","","","","","","","","","","","","","","","","","","","","","","","","","","","","5.6","5.5","5.3","5.2","10","0","0","0","1.4","2.8","4.2","0","0","4","0","0","",
"Virgin Islands (U.S.)","VIR","Incidence of tuberculosis (per 100,000 people)","SH.TBS.INCD","","","","","","","","","","","","","","","","","","","","","","","","","","","","","","","","","","","","","","","","","7.7","7.7","7.8","7.8","7.7","7.7","7.7","7.7","7.7","7.7","7.7","7.7","7.7","7.7","7.7","7.7","",
"Vietnam","VNM","Incidence of tuberculosis (per 100,000 people)","SH.TBS.INCD","","","","","","","","","","","","","","","","","","","","","","","","","","","","","","","","","","","","","","","","","197","192","189","185","181","176","172","168","164","159","155","151","147","144","140","137","",
"Vanuatu","VUT","Incidence of tuberculosis (per 100,000 people)","SH.TBS.INCD","","","","","","","","","","","","","","","","","","","","","","","","","","","","","","","","","","","","","","","","","110","123","69","69","86","83","80","77","74","72","69","67","65","62","63","63","",
"West Bank and Gaza","PSE","Incidence of tuberculosis (per 100,000 people)","SH.TBS.INCD","","","","","","","","","","","","","","","","","","","","","","","","","","","","","","","","","","","","","","","","","3.2","2.5","1.8","1.3","0.82","0.98","1.4","1.1","1.3","1.1","0.95","0.96","0.93","1","1.2","1.1","",
"World","WLD","Incidence of tuberculosis (per 100,000 people)","SH.TBS.INCD","","","","","","","","","","","","","","","","","","","","","","","","","","","","","","","","","","","","","","","","","172","172","172","172","170","169","166","164","161","159","155","153","150","147","144","142","",
"Samoa","WSM","Incidence of tuberculosis (per 100,000 people)","SH.TBS.INCD","","","","","","","","","","","","","","","","","","","","","","","","","","","","","","","","","","","","","","","","","28","14","20","17","22","15","16","11","7.5","10","8.7","12","13","13","14","11","",
"Yemen, Rep.","YEM","Incidence of tuberculosis (per 100,000 people)","SH.TBS.INCD","","","","","","","","","","","","","","","","","","","","","","","","","","","","","","","","","","","","","","","","","116","110","102","95","87","80","73","66","60","55","52","50","48","48","48","48","",
"South Africa","ZAF","Incidence of tuberculosis (per 100,000 people)","SH.TBS.INCD","","","","","","","","","","","","","","","","","","","","","","","","","","","","","","","","","","","","","","","","","585","666","746","820","883","932","963","977","977","967","948","922","892","860","834","834","",
"Congo, Dem. Rep.","COD","Incidence of tuberculosis (per 100,000 people)","SH.TBS.INCD","","","","","","","","","","","","","","","","","","","","","","","","","","","","","","","","","","","","","","","","","327","327","327","327","327","327","327","327","327","327","327","327","327","326","325","324","",
"Zambia","ZMB","Incidence of tuberculosis (per 100,000 people)","SH.TBS.INCD","","","","","","","","","","","","","","","","","","","","","","","","","","","","","","","","","","","","","","","","","759","728","695","662","631","602","577","554","534","514","495","475","456","437","406","391","",
"Zimbabwe","ZWE","Incidence of tuberculosis (per 100,000 people)","SH.TBS.INCD","","","","","","","","","","","","","","","","","","","","","","","","","","","","","","","","","","","","","","","","","605","617","617","617","607","588","561","527","487","450","416","384","355","304","278","242","",
